site,wildtype
31,A
32,E
33,N
34,L
35,W
36,V
37,T
38,V
39,Y
40,Y
41,G
42,V
43,P
44,V
45,W
46,K
47,D
48,A
49,E
50,T
51,T
52,L
53,F
54,C
55,A
56,S
57,D
58,A
59,K
60,A
61,Y
62,E
63,T
64,E
65,K
66,H
67,N
68,V
69,W
70,A
71,T
72,H
73,A
74,C
75,V
76,P
77,T
78,D
79,P
80,N
81,P
82,Q
83,E
84,I
85,H
86,L
87,E
88,N
89,V
90,T
91,E
92,E
93,F
94,N
95,M
96,W
97,K
98,N
99,N
100,M
101,V
102,E
103,Q
104,M
105,H
106,T
107,D
108,I
109,I
110,S
111,L
112,W
113,D
114,Q
115,S
116,L
117,K
118,P
119,C
120,V
121,K
122,L
123,T
124,P
125,L
126,C
127,V
128,T
129,L
130,Q
131,C
132,T
133,N
134,V
135,T
136,N
137,N
138,I
139,T
140,D
141,D
142,M
151,R
152,G
153,E
154,L
155,K
156,N
157,C
158,S
159,F
160,N
161,M
162,T
163,T
164,E
165,L
166,R
167,D
168,K
169,K
170,Q
171,K
172,V
173,Y
174,S
175,L
176,F
177,Y
178,R
179,L
180,D
181,V
182,V
183,Q
184,I
184a,N
184b,E
184c,N
184d,Q
184e,G
184f,N
184g,R
184h,S
185,N
186,N
187,S
188,N
189,K
190,E
191,Y
192,R
193,L
194,I
195,N
196,C
197,N
198,T
199,S
200,A
201,I
202,T
203,Q
204,A
205,C
206,P
207,K
208,V
209,S
210,F
211,E
212,P
213,I
214,P
215,I
216,H
217,Y
218,C
219,A
220,P
221,A
222,G
223,F
224,A
225,I
226,L
227,K
228,C
229,K
230,D
231,K
232,K
233,F
234,N
235,G
236,T
237,G
238,P
239,C
240,P
241,S
242,V
243,S
244,T
245,V
246,Q
247,C
248,T
249,H
250,G
251,I
252,K
253,P
254,V
255,V
256,S
257,T
258,Q
259,L
260,L
261,L
262,N
263,G
264,S
265,L
266,A
267,E
268,E
269,E
270,V
271,M
272,I
273,R
274,S
275,E
276,N
277,I
278,T
279,N
280,N
281,A
282,K
283,N
284,I
285,L
286,V
287,Q
288,F
289,N
290,T
291,P
292,V
293,Q
294,I
295,N
296,C
297,T
298,R
299,P
300,N
301,N
302,N
303,T
304,R
305,K
306,S
307,I
308,R
309,I
312,G
313,P
314,G
315,Q
316,A
317,F
317a,Y
318,A
319,T
320,G
321,D
322,I
323,I
324,G
325,D
326,I
327,R
328,Q
329,A
330,H
331,C
332,N
333,V
334,S
335,K
336,A
337,T
338,W
339,N
340,E
341,T
342,L
343,G
344,K
345,V
346,V
347,K
348,Q
349,L
350,R
351,K
352,H
353,F
354,G
355,N
356,N
357,T
358,I
359,I
360,R
361,F
362,A
363,N
364,S
365,S
366,G
367,G
368,D
369,L
370,E
371,V
372,T
373,T
374,H
375,S
376,F
377,N
378,C
379,G
380,G
381,E
382,F
383,F
384,Y
385,C
386,N
387,T
388,S
389,G
390,L
391,F
392,N
393,S
394,T
395,W
396,I
397,S
398,N
399,T
401,S
402,V
403,Q
404,G
405,S
406,N
407,S
408,T
409,G
410,S
411,N
412,D
413,S
414,I
415,T
416,L
417,P
418,C
419,R
420,I
421,K
422,Q
423,I
424,I
425,N
426,M
427,W
428,Q
429,R
430,I
431,G
432,Q
433,A
434,M
435,Y
436,A
437,P
438,P
439,I
440,Q
441,G
442,V
443,I
444,R
445,C
446,V
447,S
448,N
449,I
450,T
451,G
452,L
453,I
454,L
455,T
456,R
457,D
458,G
459,G
460,S
461,T
462,N
463,S
464,T
465,T
466,E
467,T
468,F
469,R
470,P
471,G
472,G
473,G
474,D
475,M
476,R
477,D
478,N
479,W
480,R
481,S
482,E
483,L
484,Y
485,K
486,Y
487,K
488,V
489,V
490,K
491,I
492,E
493,P
494,L
495,G
496,V
497,A
498,P
499,T
500,R
501,A
502,K
503,R
504,R
505,V
506,V
507,G
508,R
509,E
510,K
511,R
512,A
513,V
514,G
515,I
516,G
517,A
518,V
519,F
520,L
521,G
522,F
523,L
524,G
525,A
526,A
527,G
528,S
529,T
530,M
531,G
532,A
533,A
534,S
535,M
536,T
537,L
538,T
539,V
540,Q
541,A
542,R
543,N
544,L
545,L
546,S
547,G
548,I
549,V
550,Q
551,Q
552,Q
553,S
554,N
555,L
556,L
557,R
558,A
559,I
560,E
561,A
562,Q
563,Q
564,H
565,L
566,L
567,K
568,L
569,T
570,V
571,W
572,G
573,I
574,K
575,Q
576,L
577,Q
578,A
579,R
580,V
581,L
582,A
583,V
584,E
585,R
586,Y
587,L
588,R
589,D
590,Q
591,Q
592,L
593,L
594,G
595,I
596,W
597,G
598,C
599,S
600,G
601,K
602,L
603,I
604,C
605,T
606,T
607,N
608,V
609,P
610,W
611,N
612,S
613,S
614,W
615,S
616,N
617,R
618,N
619,L
620,S
621,E
622,I
623,W
624,D
625,N
626,M
627,T
628,W
629,L
630,Q
631,W
632,D
633,K
634,E
635,I
636,S
637,N
638,Y
639,T
640,Q
641,I
642,I
643,Y
644,G
645,L
646,L
647,E
648,E
649,S
650,Q
651,N
652,Q
653,Q
654,E
655,K
656,N
657,E
658,Q
659,D
660,L
661,L
662,A
663,L
664,D
665,K
666,W
667,A
668,S
669,L
670,W
671,N
672,W
673,F
674,D
675,I
676,S
677,N
678,W
679,L
680,W
681,Y
682,I
683,K
684,I
685,F
686,I
687,M
688,I
689,V
690,G
691,G
692,L
693,I
694,G
695,L
696,R
697,I
698,V
699,F
700,A
701,V
702,L
